{
    "S_left": {
        "option": "null",
        "rotation": {
            "w": 0.9999999999999793,
            "x": 0.0,
            "y": 0.0,
            "z": -2.0317299327049154e-07,
            "yaw":30
        },
        "translation": {
            "x": -0.78,
            "y": 0.34,
            "z": 0.0
        }
    },
    "S_right": {
        "option": "null",
        "rotation": {
            "w": 0.9999826997062456,
            "x": 0.0,
            "y": 0.0,
            "z": -0.005882200966349992,
            "yaw":-30
        },
        "translation": {
            "x": -0.78,
            "y": -0.34,
            "z": 0.0
        }
    },
    "S_center": {
        "option": "null",
        "rotation": {
            "w": 1.0,
            "x": 0.0,
            "y": 0.0,
            "z": 0.0,
            "yaw":0.0
        },
        "translation": {
            "x": -0.37,
            "y": 0,
            "z": 0.0
        }
    },
    "W_center": {
        "option": "null",
        "rotation": {
            "w": 0.7104980070753281,
            "x": 0.0,
            "y": 0.0,
            "z": -0.7036992126910383,
            "yaw":-90.0
        },
        "translation": {
            "x": 0,
            "y": 0.52,
            "z": 0.0
        }
    },
    "W_left": {
        "option": "null",
        "rotation": {
            "w": 0.9999640981751954,
            "x": 0.0,
            "y": 0.0,
            "z": 0.008473627361893665,
            "yaw":0.0
        },
        "translation": {
            "x": 0.1,
            "y": 0.53,
            "z": 0.0
        }
    },
    "W_right": {
        "option": "null",
        "rotation": {
            "w": 1.5587682106760498e-07,
            "x": 0.0,
            "y": 0.0,
            "z": 0.9999999999999879,
            "yaw":180.0
        },
        "translation": {
            "x": -0.1,
            "y": 0.53,
            "z": 0.0
        }
    },
    "E_right": {
        "option": "null",
        "rotation": {
            "w": 0.006943955073405896,
            "x": 0.0,
            "y": 0.0,
            "z": 0.9999758904533341,
            "yaw":0.0
        },
        "translation": {
            "x": 0.1,
            "y": -0.53,
            "z": 0.0
        }
    },
    "E_center": {
        "option": "null",
        "rotation": {
            "w": 0.7128784472980007,
            "x": 0.0,
            "y": 0.0,
            "z": 0.7012876153034444,
            "yaw":90.0
        },
        "translation": {
            "x": 0,
            "y": -0.52,
            "z": 0.0
        }
    },
    "E_left": {
        "option": "null",
        "rotation": {
            "w": 1.0,
            "x": 0.0,
            "y": 0.0,
            "z": 0.0,
            "yaw":180.0
        },
        "translation": {
            "x": -0.1,
            "y": -0.53,
            "z": 0.0
        }
    },
    "N_center": {
        "option": "null",
        "rotation": {
            "w": 0.006409917340792927,
            "x": 0.0,
            "y": 0.0,
            "z": 0.9999794562688197,
            "yaw":180.0
        },
        "translation": {
            "x": 0.6,
            "y": 0.0,
            "z": 0.0
        }
    },
    "N_left": {
        "option": "null",
        "rotation": {
            "w": -0.009432536470152958,
            "x": 0.0,
            "y": 0.0,
            "z": 0.999955512638307,
            "yaw": -150.0        },
        "translation": {
            "x": 0.9,
            "y": -0.340,
            "z": 0
        }
    },
    "N_right": {
        "option": "null",
        "rotation": {
            "w": -0.006097283306844488,
            "x": 0.0,
            "y": 0.0,
            "z": 0.9999814113953699,
            "yaw":150
        },
        "translation": {
            "x": 0.9,
            "y": 0.340,
            "z": 0.0
        }
    },
    "S_st": {
        "option": "null",
        "rotation": {
            "yaw":0
        },
        "translation": {
            "x": -1.2,
            "y": 0.0,
            "z": 0.0
        }
    },
    "N_st": {
        "option": "null",
        "rotation": {
            "yaw":180
        },
        "translation": {
            "x": 1.2,
            "y": 0.0,
            "z": 0.0
        }
    },
    "W_st": {
        "option": "null",
        "rotation": {
            "yaw":-90
        },
        "translation": {
            "x": 0,
            "y": 1.2,
            "z": 0.0
        }
    },
    "E_st": {
        "option": "null",
        "rotation": {
            "yaw":90
        },
        "translation": {
            "x": 0,
            "y": -1.2,
            "z": 0.0
        }
    }
}