{
    "S_left": {
        "option": "null",
        "rotation": {
            "w": 0.9999999999999793,
            "x": 0.0,
            "y": 0.0,
            "z": -2.0317299327049154e-07,
            "yaw":0.0
        },
        "translation": {
            "x": -0.80,
            "y": 0.565,
            "z": 0.0
        }
    },
    "S_right": {
        "option": "null",
        "rotation": {
            "w": 0.9999826997062456,
            "x": 0.0,
            "y": 0.0,
            "z": -0.005882200966349992,
            "yaw":0.0
        },
        "translation": {
            "x": -0.80,
            "y": -0.565,
            "z": 0.0
        }
    },
    "S_center": {
        "option": "null",
        "rotation": {
            "w": 1.0,
            "x": 0.0,
            "y": 0.0,
            "z": 0.0,
            "yaw":0.0
        },
        "translation": {
            "x": -0.368,
            "y": 0.0171,
            "z": 0.0
        }
    },
    "W_center": {
        "option": "null",
        "rotation": {
            "w": 0.7104980070753281,
            "x": 0.0,
            "y": 0.0,
            "z": -0.7036992126910383,
            "yaw":-90.0
        },
        "translation": {
            "x": -0.012,
            "y": 0.4826,
            "z": 0.0
        }
    },
    "W_left": {
        "option": "null",
        "rotation": {
            "w": 0.9999640981751954,
            "x": 0.0,
            "y": 0.0,
            "z": 0.008473627361893665,
            "yaw":0.0
        },
        "translation": {
            "x": 0.210,
            "y": 0.551,
            "z": 0.0
        }
    },
    "W_right": {
        "option": "null",
        "rotation": {
            "w": 1.5587682106760498e-07,
            "x": 0.0,
            "y": 0.0,
            "z": 0.9999999999999879,
            "yaw":180.0
        },
        "translation": {
            "x": -0.1868482232093811,
            "y": 0.5107691287994385,
            "z": 0.0
        }
    },
    "E_left": {
        "option": "null",
        "rotation": {
            "w": 0.006943955073405896,
            "x": 0.0,
            "y": 0.0,
            "z": 0.9999758904533341,
            "yaw":0.0
        },
        "translation": {
            "x": -0.256,
            "y": -0.536,
            "z": 0.0
        }
    },
    "E_center": {
        "option": "null",
        "rotation": {
            "w": 0.7128784472980007,
            "x": 0.0,
            "y": 0.0,
            "z": 0.7012876153034444,
            "yaw":90.0
        },
        "translation": {
            "x": -0.0159,
            "y": -0.3941,
            "z": 0.0
        }
    },
    "E_right": {
        "option": "null",
        "rotation": {
            "w": 1.0,
            "x": 0.0,
            "y": 0.0,
            "z": 0.0,
            "yaw":0.0
        },
        "translation": {
            "x": 0.229,
            "y": -0.526,
            "z": 0.0
        }
    },
    "N_center": {
        "option": "null",
        "rotation": {
            "w": 0.006409917340792927,
            "x": 0.0,
            "y": 0.0,
            "z": 0.9999794562688197,
            "yaw":180.0
        },
        "translation": {
            "x": 0.410,
            "y": 0.031,
            "z": 0.0
        }
    },
    "N_left": {
        "option": "null",
        "rotation": {
            "w": -0.009432536470152958,
            "x": 0.0,
            "y": 0.0,
            "z": 0.999955512638307,
            "yaw":180.0
        },
        "translation": {
            "x": 0.854,
            "y": -0.519,
            "z": 0.0
        }
    },
    "N_right": {
        "option": "null",
        "rotation": {
            "w": -0.006097283306844488,
            "x": 0.0,
            "y": 0.0,
            "z": 0.9999814113953699,
            "yaw":180.0
        },
        "translation": {
            "x": 0.850,
            "y": 0.572,
            "z": 0.0
        }
    }
}
